id,codigo_cliente,registrado,estado_registro,id_empresa,empresa_nombre,tipo_doc,dni,nombres,apellido_paterno,apellido_materno,apellidos,nombre_completo,sexo,nivel_instruccion,fecha_nacimiento,ciudad_nacimiento,pais_nacimiento,tiene_otra_nacionalidad,otra_nacionalidad,pais_residencia,domicilio,distrito,provincia,departamento,codigo_postal,celular,telefono_fijo,email,estado_civil,regimen_patrimonial,fecha_inicio_regimen_patrimonial,conyuge_nombre,conyuge_tipo_doc,conyuge_doc,conyuge_fecha_nac,conyuge_ciudad_nac,conyuge_pais_nac,conyuge_profesion,conyuge_ingreso,situacion_laboral,ocupacion_cargo,empleador_nombre,empresa_direccion,tiempo_servicio,ingreso_mensual_cliente,beneficiario_final,tercero_nombre,contacto_emergencia_nombre,contacto_emergencia_direccion,contacto_emergencia_telefono,contacto_emergencia_email,pep_cargo,pep_detalle,tiene_vinculacion_victoria,vinculacion_victoria_categoria,vinculacion_victoria_detalle,origen_fondos,tipo_moneda_cuenta,banco_soles_nombre,banco_soles_cuenta,banco_soles_cci,banco_usd_nombre,banco_usd_cuenta,banco_usd_cci,producto_inversion,referido_por,autoriza_datos,declara_juramento,no_declaro_razon,fecha,hora_inicio,hora_fin
V0150,V0150,true,registrado,4,Lunafish Capital,DNI,09852389,Ana Carolina,Vassi,Ugaz,Vassi Ugaz,Ana Carolina Assi Ugaz Vassi Ugaz,Femenino,Universitario,07/06/1973,Lima,Perú,No,,Perú,Calle Elespuru 750 Dpto 302 Magdalena,Magdalena,Lima,Lima,15086,996992101,,vassi.carolina@gmail.com,Casado(a),Separación de patrimonios,,Alexander Francisco Asin Ruiz,DNI,09276378,02/04/1968,Lima,Perú,,,Dependiente,Jefe Comercial,Prima Afp,Calle Chinchon 980 San Isidro,21 Años 0 Meses,11000,Es Titular / Declarante,Carolina Cabada Vassi,Carolina Cabada Vassi,Monte Alegre 151 Surco,969 577 178,,No,,No,,,Ahorros Personales,Soles,Banco Interbank,8543143062982,00385401314306298277,Banco Interbank,8543143062982,00385401314306298277,Fondos de Inversion,Marlene Elizabeth Mori Rivera,Autorizo,Declaro,,2/10/2026,06:09:24 p. m.,11:40:15 p. m.
V0145,V0145,false,incompleto,3,Victoria Fondos,DNI,44444444,,,,,,Masculino,,,,Perú,,,Perú,,,,,,,,,Soltero(a),N/A,,,,,,,,,,,,,,0 años 0 meses,,,,,,,,No,,,,,,Soles,,,,,,,,Marlene Mori (0005),,,,28/8/2026,12:37:39 p. m.,12:37:51 p. m.
V0144,V0144,true,registrado,4,Lunafish Capital,DNI,77777777,Sebastian Arturo,,,Del Aguila,,Masculino,Universitario,06/03/2002,Lima,Perú,,,Perú,Av. Avenida 123,San Borja,Lima,Lima,15023,987123456,,sdelaguilaj632@gmail.com,Soltero(a),N/A,,,,,,,,,,Dependiente,Ingeniero,Victoria Fondos,AVENIDA LA ENCALADA 1202 F202,20 años 3 meses,2000,"Si, yo soy el beneficiario final",,,,,,No,,,,,Ahorros,Soles,BCP Banco de Crédito del Perú,12312343456677,12345678912345678945,,,,"Fondos de Inversion, Factoring, Mercado de Capitales",Fernando Yañez,Autorizo,Declaro,,28/8/2026,11:51:47 a. m.,12:00:15 p. m.
V0101,V0101,,,3,Victoria Fondos,DNI,,LUIS HILMER,,,GAVEDIA ROSALES,,,,,,Perú,,,Perú,,,,,,,,luisgavedia71@gmail.com,,,,,DNI,,,,,,,,,,,,,"Si, yo soy el beneficiario final",,,,,,No,,,,,,,,,,,,,,Victor Saldaña,Autorizo,Declaro,,24/8/2026,,
V0102,V0102,,,3,Victoria Fondos,DNI,,ALBERTO FERNANDO,,,RIVERA CANGAHUALA,,,,,,Perú,,,Perú,,,,,,,,betorivera74@hotmail.com,,,,,DNI,,,,,,,,,,,,,"Si, yo soy el beneficiario final",,,,,,No,,,,,,,,,,,,,,Victor Saldaña,Autorizo,Declaro,,24/8/2026,,
V0103,V0103,,,3,Victoria Fondos,RUC,,VICTORIA FACTORING,,,S.A.C.,,,,,,Perú,,,Perú,,,,,,,,finanzas@victoriafactoring.com,,,,,DNI,,,,,,,,,,,,,"Si, yo soy el beneficiario final",,,,,,No,,,,,,,,,,,,,,Victor Saldaña,Autorizo,Declaro,,24/8/2026,,
V0104,V0104,,,3,Victoria Fondos,DNI,,PEDRO MIGUEL,,,PALACIOS CELI,,,,,,Perú,,,Perú,,,,,,,,miguelpalacios_doctor@hotmail.com,,,,,DNI,,,,,,,,,,,,,"Si, yo soy el beneficiario final",,,,,,No,,,,,,,,,,,,,,Fernando Yañez,Autorizo,Declaro,,24/8/2026,,
V0105,V0105,,,3,Victoria Fondos,DNI,,RENZO ANDRÉ,,,SILVA MIRANDA,,,,,,Perú,,,Perú,,,,,,,,rnz.silva.m@gmail.com,,,,,DNI,,,,,,,,,,,,,"Si, yo soy el beneficiario final",,,,,,No,,,,,,,,,,,,,,Fernando Yañez,Autorizo,Declaro,,24/8/2026,,
V0106,V0106,,,3,Victoria Fondos,DNI,,APOLINAR RIVERA,,,Y/O GLADYS CANGAHUALA,,,,,,Perú,,,Perú,,,,,,,,betorivera74@hotmail.com,,,,,DNI,,,,,,,,,,,,,"Si, yo soy el beneficiario final",,,,,,No,,,,,,,,,,,,,,Victor Saldaña,Autorizo,Declaro,,24/8/2026,,
V0107,V0107,,,3,Victoria Fondos,DNI,,MARCELINA MARGOT,,,QUINTANA TORRES,,,,,,Perú,,,Perú,,,,,,,,mquintana111@hotmail.com,,,,,DNI,,,,,,,,,,,,,"Si, yo soy el beneficiario final",,,,,,No,,,,,,,,,,,,,,Guillermo Valdivia,Autorizo,Declaro,,24/8/2026,,
V0108,V0108,,,3,Victoria Fondos,DNI,,MARJORIE DE,,,FÁTIMA SERRA LANDÍVAR,,,,,,Perú,,,Perú,,,,,,,,fatimaserra.landivar@outlook.com,,,,,DNI,,,,,,,,,,,,,"Si, yo soy el beneficiario final",,,,,,No,,,,,,,,,,,,,,Fernando Yañez,Autorizo,Declaro,,24/8/2026,,
V0109,V0109,,,3,Victoria Fondos,DNI,,MARCIAL,,,FLORES HILARIO,,,,,,Perú,,,Perú,,,,,,,,marcialfh@hotmail.com,,,,,DNI,,,,,,,,,,,,,"Si, yo soy el beneficiario final",,,,,,No,,,,,,,,,,,,,,Fernando Yañez,Autorizo,Declaro,,24/8/2026,,
V0110,V0110,,,3,Victoria Fondos,DNI,,LUIS FRANCISCO,,,DURAND SALAS,,,,,,Perú,,,Perú,,,,,,,,luisdurandsalas@hotmail.com,,,,,DNI,,,,,,,,,,,,,"Si, yo soy el beneficiario final",,,,,,No,,,,,,,,,,,,,,Guillermo Valdivia,Autorizo,Declaro,,24/8/2026,,
V0111,V0111,,,3,Victoria Fondos,DNI,,MARGARITA INES,,,CORNEJO ESPINO,,,,,,Perú,,,Perú,,,,,,,,joselmv2807@gmail.com,,,,,DNI,,,,,,,,,,,,,"Si, yo soy el beneficiario final",,,,,,No,,,,,,,,,,,,,,Fernando Yañez,Autorizo,Declaro,,24/8/2026,,
V0112,V0112,,,3,Victoria Fondos,DNI,,SYLVANA LISETT,,,MERINO ROSALES,,,,,,Perú,,,Perú,,,,,,,,sylvanamerino@gmail.com,,,,,DNI,,,,,,,,,,,,,"Si, yo soy el beneficiario final",,,,,,No,,,,,,,,,,,,,,Fernando Yañez,Autorizo,Declaro,,24/8/2026,,
V0113,V0113,,,3,Victoria Fondos,DNI,,AMI MISHELL,,,MORENO MARTIN,,,,,,Perú,,,Perú,,,,,,,,ami.morenomartin@gmail.com.pe,,,,,DNI,,,,,,,,,,,,,"Si, yo soy el beneficiario final",,,,,,No,,,,,,,,,,,,,,Fernando Yañez,Autorizo,Declaro,,24/8/2026,,
V0114,V0114,,,3,Victoria Fondos,DNI,,MAXIMO OSWALDO,,,OLIVAS OCAÑA,,,,,,Perú,,,Perú,,,,,,,,macoolivas@hotmail.com,,,,,DNI,,,,,,,,,,,,,"Si, yo soy el beneficiario final",,,,,,No,,,,,,,,,,,,,,Fernando Yañez,Autorizo,Declaro,,24/8/2026,,
V0115,V0115,,,3,Victoria Fondos,DNI,,CHERYL MARGARITA,,,HERRERA PUMA,,,,,,Perú,,,Perú,,,,,,,,cheryl.herrera11@gmail.com,,,,,DNI,,,,,,,,,,,,,"Si, yo soy el beneficiario final",,,,,,No,,,,,,,,,,,,,,Fernando Yañez,Autorizo,Declaro,,24/8/2026,,
V0116,V0116,,,3,Victoria Fondos,DNI,,IGNACIO ERNESTO,,,VELANDO NUÑEZ,,,,,,Perú,,,Perú,,,,,,,,nacho_islay@hotmail.com,,,,,DNI,,,,,,,,,,,,,"Si, yo soy el beneficiario final",,,,,,No,,,,,,,,,,,,,,Fernando Yañez,Autorizo,Declaro,,24/8/2026,,
V0117,V0117,,,3,Victoria Fondos,DNI,,MARÍA ANGELICA,,,MARIÁTEGUI VDA. DE ITURRINO,,,,,,Perú,,,Perú,,,,,,,,maosim1@outlook.es,,,,,DNI,,,,,,,,,,,,,"Si, yo soy el beneficiario final",,,,,,No,,,,,,,,,,,,,,Guillermo Valdivia,Autorizo,Declaro,,24/8/2026,,
V0120,V0120,,,3,Victoria Fondos,DNI,,JULIO DEYVIS,,,REVOREDO MENDOZA,,,,,,Perú,,,Perú,,,,,,,,juliorevoredo@hotmail.com,,,,,DNI,,,,,,,,,,,,,"Si, yo soy el beneficiario final",,,,,,No,,,,,,,,,,,,,,Fernando Yañez,Autorizo,Declaro,,24/8/2026,,
V0121,V0121,,,3,Victoria Fondos,DNI,,ROSA LUZ,,,RIVERA SANTOS,,,,,,Perú,,,Perú,,,,,,,,rosarivesa@gmail.com,,,,,DNI,,,,,,,,,,,,,"Si, yo soy el beneficiario final",,,,,,No,,,,,,,,,,,,,,Fernando Yañez,Autorizo,Declaro,,24/8/2026,,
V0122,V0122,,,3,Victoria Fondos,DNI,,ELIANA SEE,,,ZAN HUANG CHEN,,,,,,Perú,,,Perú,,,,,,,,eliana.huangchen@gmail.com,,,,,DNI,,,,,,,,,,,,,"Si, yo soy el beneficiario final",,,,,,No,,,,,,,,,,,,,,Fernando Yañez,Autorizo,Declaro,,24/8/2026,,
V0123,V0123,,,3,Victoria Fondos,DNI,,PATRICIA ROCÍO,,,PALOMINO JARA,,,,,,Perú,,,Perú,,,,,,,,palominojara22@gmail.com,,,,,DNI,,,,,,,,,,,,,"Si, yo soy el beneficiario final",,,,,,No,,,,,,,,,,,,,,Fernando Yañez,Autorizo,Declaro,,24/8/2026,,
V0124,V0124,,,3,Victoria Fondos,DNI,,PAULO ANDRÉS,,,SALCEDO TERREROS,,,,,,Perú,,,Perú,,,,,,,,paulosfa@hotmail.com,,,,,DNI,,,,,,,,,,,,,"Si, yo soy el beneficiario final",,,,,,No,,,,,,,,,,,,,,Guillermo Valdivia,Autorizo,Declaro,,24/8/2026,,
V0125,V0125,,,3,Victoria Fondos,DNI,,THALIA EDITH,,,GONZALES ANCHORENA,,,,,,Perú,,,Perú,,,,,,,,thalia.gonzalesa@gmail.com,,,,,DNI,,,,,,,,,,,,,"Si, yo soy el beneficiario final",,,,,,No,,,,,,,,,,,,,,Fernando Yañez,Autorizo,Declaro,,24/8/2026,,
V0126,V0126,,,3,Victoria Fondos,DNI,,CRISTINA ZULEMA,,,CAMPOS NIEVES,,,,,,Perú,,,Perú,,,,,,,,c.campos.nieves@gmail.com,,,,,DNI,,,,,,,,,,,,,"Si, yo soy el beneficiario final",,,,,,No,,,,,,,,,,,,,,Fernando Yañez,Autorizo,Declaro,,24/8/2026,,
V0127,V0127,,,3,Victoria Fondos,DNI,,BETZABE BEATRIZ,,,ICHO MOSQUERA,,,,,,Perú,,,Perú,,,,,,,,BET.ICHO20@HOTMAIL.COM,,,,,DNI,,,,,,,,,,,,,"Si, yo soy el beneficiario final",,,,,,No,,,,,,,,,,,,,,Fernando Yañez,Autorizo,Declaro,,24/8/2026,,
V0128,V0128,,,3,Victoria Fondos,DNI,,EDGARD GIOVANNI,,,PONCE SANDOVAL,,,,,,Perú,,,Perú,,,,,,,,giovanniponces@gmail.com,,,,,DNI,,,,,,,,,,,,,"Si, yo soy el beneficiario final",,,,,,No,,,,,,,,,,,,,,Fernando Yañez,Autorizo,Declaro,,24/8/2026,,
V0129,V0129,,,3,Victoria Fondos,DNI,,CHRISTINE JEANEÉ,,,QUEVEDO REYES,,,,,,Perú,,,Perú,,,,,,,,dra.christinequevedo@gmail.com,,,,,DNI,,,,,,,,,,,,,"Si, yo soy el beneficiario final",,,,,,No,,,,,,,,,,,,,,Fernando Yañez,Autorizo,Declaro,,24/8/2026,,
V0130,V0130,,,3,Victoria Fondos,DNI,,CHRISTHYAM JAVIER,,,ROJAS PEREZ,,,,,,Perú,,,Perú,,,,,,,,chris232022@gmail.com,,,,,DNI,,,,,,,,,,,,,"Si, yo soy el beneficiario final",,,,,,No,,,,,,,,,,,,,,Fernando Yañez,Autorizo,Declaro,,24/8/2026,,
V0131,V0131,,,3,Victoria Fondos,DNI,,JUAN JOSÉ,,,ARGOTE VALLAS,,,,,,Perú,,,Perú,,,,,,,,argote76@gmail.com,,,,,DNI,,,,,,,,,,,,,"Si, yo soy el beneficiario final",,,,,,No,,,,,,,,,,,,,,Fernando Yañez,Autorizo,Declaro,,24/8/2026,,
V0132,V0132,,,3,Victoria Fondos,DNI,,PAUL KARL,,,KENJI FERRUZO MAIZ,,,,,,Perú,,,Perú,,,,,,,,PAULFERRUZOM@GMAIL.COM,,,,,DNI,,,,,,,,,,,,,"Si, yo soy el beneficiario final",,,,,,No,,,,,,,,,,,,,,Fernando Yañez,Autorizo,Declaro,,24/8/2026,,
V0133,V0133,,,3,Victoria Fondos,DNI,,MARLENE ELIZABETH,,,MORI RIVERA,,,,,,Perú,,,Perú,,,,,,,,maelmori@hotmail.com,,,,,DNI,,,,,,,,,,,,,"Si, yo soy el beneficiario final",,,,,,No,,,,,,,,,,,,,,Marlene Mori,Autorizo,Declaro,,24/8/2026,,
V0134,V0134,,,3,Victoria Fondos,DNI,,FERNANDO ARTURO,,,YAÑEZ NUÑEZ,,,,,,Perú,,,Perú,,,,,,,,fyanezn@gmail.com,,,,,DNI,,,,,,,,,,,,,"Si, yo soy el beneficiario final",,,,,,No,,,,,,,,,,,,,,Fernando Yañez,Autorizo,Declaro,,24/8/2026,,
V0135,V0135,,,3,Victoria Fondos,DNI,,CARLOS MIGUEL,,,FERRER MADRID,,,,,,Perú,,,Perú,,,,,,,,carlos.ferrerm@hotmail.com,,,,,DNI,,,,,,,,,,,,,"Si, yo soy el beneficiario final",,,,,,No,,,,,,,,,,,,,,Fernando Yañez,Autorizo,Declaro,,24/8/2026,,
V0136,V0136,,,3,Victoria Fondos,DNI,,JESSICA PAMELA,,,PONCE SANDOVAL,,,,,,Perú,,,Perú,,,,,,,,interbankgiovanni@gmail.com,,,,,DNI,,,,,,,,,,,,,"Si, yo soy el beneficiario final",,,,,,No,,,,,,,,,,,,,,Fernando Yañez,Autorizo,Declaro,,24/8/2026,,
V0137,V0137,,,3,Victoria Fondos,DNI,,FÉLIX EDUARDO,,,GARCÍA PRADO,,,,,,Perú,,,Perú,,,,,,,,craz_edu@hotmail.com,,,,,DNI,,,,,,,,,,,,,"Si, yo soy el beneficiario final",,,,,,No,,,,,,,,,,,,,,Fernando Yañez,Autorizo,Declaro,,24/8/2026,,
V0138,V0138,,,3,Victoria Fondos,DNI,,JORGE MARTIN,,,VEINTIMILLA VEGA,,,,,,Perú,,,Perú,,,,,,,,jorge.veintimilla92@gmail.com,,,,,DNI,,,,,,,,,,,,,"Si, yo soy el beneficiario final",,,,,,No,,,,,,,,,,,,,,Fernando Yañez,Autorizo,Declaro,,24/8/2026,,
V0139,V0139,,,3,Victoria Fondos,DNI,,ALFONSO JAVIER,,,CRISTOBAL GAVIDIA,,,,,,Perú,,,Perú,,,,,,,,javier.cristobal@hotmail.com,,,,,DNI,,,,,,,,,,,,,"Si, yo soy el beneficiario final",,,,,,No,,,,,,,,,,,,,,Fernando Yañez,Autorizo,Declaro,,24/8/2026,,
V0140,V0140,,,3,Victoria Fondos,DNI,,KATIA JOANA,,,VILLANUEVA CHÁVEZ,,,,,,Perú,,,Perú,,,,,,,,Katiavillanuevach@gmail.com,,,,,DNI,,,,,,,,,,,,,"Si, yo soy el beneficiario final",,,,,,No,,,,,,,,,,,,,,Fernando Yañez,Autorizo,Declaro,,24/8/2026,,
V0141,V0141,,,3,Victoria Fondos,DNI,,JAVIER EDUARDO,,,PÉREZ BOBADILLA,,,,,,Perú,,,Perú,,,,,,,,jpbobadilla_qf@yahoo.es,,,,,DNI,,,,,,,,,,,,,"Si, yo soy el beneficiario final",,,,,,No,,,,,,,,,,,,,,Fernando Yañez,Autorizo,Declaro,,24/8/2026,,
V0142,V0142,,,3,Victoria Fondos,DNI,,LYDIA MATILDE,,,CALDAS VARELA,,,,,,Perú,,,Perú,,,,,,,,lydiacaldas@yahoo.com,,,,,DNI,,,,,,,,,,,,,"Si, yo soy el beneficiario final",,,,,,No,,,,,,,,,,,,,,Guillermo Valdivia,Autorizo,Declaro,,24/8/2026,,
V0143,V0143,,,3,Victoria Fondos,DNI,,ZULLY AMPARO,,,GAVEDIA ROSALES,,,,,,Perú,,,Perú,,,,,,,,zully.gavro@gmail.com,,,,,DNI,,,,,,,,,,,,,"Si, yo soy el beneficiario final",,,,,,No,,,,,,,,,,,,,,Leonardo Mendoza,Autorizo,Declaro,,24/8/2026,,
V0100,V0100,false,incompleto,1,Victoria Capital,DNI,,Inka'S Berries Sac,,,,Inka'S Berries Sac,Masculino,Superior Completa,,Lima,Perú,,,Perú,,San Isidro,Lima,Lima,15046,,,,Soltero(a),N/A,,,,,,,,,,Dependiente,Inversionista,,,3 Años,5000 A 10000 Soles,Es Titular / Declarante,,,,,,No,,,,,Ahorros / Rentas De Capital,,Banco De Crédito Del Perú Bcp,,,Banco De Crédito Del Perú Bcp,,,Fondo de Inversión,Master,Sí,Sí,,6/10/2026,2:30:19 p. m.,2:30:19 p. m.
V0118,V0118,false,incompleto,3,Victoria Fondos,DNI,,ELIANA SEE,ZAN,HUANG CHEN,ZAN HUANG CHEN,Eliana See Zan Huang Chen,,,,,Perú,,,Perú,,,,,,,,eliana.huangchen@gmail.com,,,,,,,,,,,,,,,,,,"Si, yo soy el beneficiario final",,,,,,No,,,,,,,,,,,,,,Fernando Yañez,Autorizo,Declaro,,24/8/2026,,
V0119,V0119,false,incompleto,3,Victoria Fondos,DNI,,PATRICIA ROCÍO,PALOMINO,JARA,PALOMINO JARA,Patricia Rocío Palomino Jara,,,,,Perú,,,Perú,,,,,,,,palominojara22@gmail.com,,,,,,,,,,,,,,,,,,"Si, yo soy el beneficiario final",,,,,,No,,,,,,,,,,,,,,Fernando Yañez,Autorizo,Declaro,,24/8/2026,,
V0166,V0166,false,incompleto,1,Victoria Capital,DNI,15648939,Luis Hilmer,Gavedia,Rosales,Gavedia Rosales,Luis Hilmer Gavedia Rosales,Masculino,Superior Completa,,Lima,Perú,,,Perú,,San Isidro,Lima,Lima,15046,,,,Soltero(a),N/A,,,,,,,,,,Dependiente,Inversionista,,,3 Años,5000 A 10000 Soles,Es Titular / Declarante,,,,,,No,,,,,Ahorros / Rentas De Capital,,Banco De Crédito Del Perú Bcp,,,Banco De Crédito Del Perú Bcp,,,Fondo de Inversión,Master,Sí,Sí,,6/10/2026,2:31:38 p. m.,2:31:38 p. m.